{
    "loss": 13.835410118103027,
    "accuracy": 0.5179855823516846
}