{
    "loss": 1.8285250663757324,
    "accuracy": 0.5251798629760742
}